"sim","censored","beta1_cmi_correct_ace","se_beta1_cmi_correct_ace","alpha_cmi_correct_ace","se_alpha_cmi_correct_ace","sigma2_cmi_correct_ace","se_sigma2_cmi_correct_ace"
1,NA,1.00690559776732,0.0233205802489204,0.993035303037776,0.0238772255201437,0.921144734271269,0.0322575910976675
2,NA,1.00473848569729,0.0238044005033316,1.01572589610251,0.0252309105909203,0.975614459358143,0.0353983876308497
3,NA,0.979639869839434,0.0257204543352129,1.00069848083374,0.025802057227733,1.0279166460809,0.0371997503600035
4,NA,0.99250574823344,0.0263038880617101,1.00207893349459,0.0253909492955622,1.02261515220237,0.0358857771278876
5,NA,1.00597605683619,0.0261939509769727,0.995039417536496,0.026399949230027,1.04824811957513,0.0391392792374059
