"sim","censored","beta1_cmi_correct_ace","se_beta1_cmi_correct_ace","alpha_cmi_correct_ace","se_alpha_cmi_correct_ace","sigma2_cmi_correct_ace","se_sigma2_cmi_correct_ace"
1,NA,1.04526385365087,0.0251147715519553,0.996113501142839,0.0259313486473944,0.987192538264017,0.0368298062033747
2,NA,0.990252102581058,0.0242720247038123,0.990729433378315,0.0247187031948406,0.965869801199565,0.0357725295945578
3,NA,1.01497729738757,0.0257679775554437,0.959367477006937,0.0251026514115116,1.01228354899973,0.0366421228839862
4,NA,0.982417325196943,0.0261269451182334,1.05408056564186,0.0265690340767867,0.995417151189518,0.0368828345937287
5,NA,0.9716819456591,0.0273010246757718,0.942425672702748,0.0256922122936287,1.03414335112395,0.0384903262919111
