"sim","censored","beta1_cmi_correct_ace","se_beta1_cmi_correct_ace","alpha_cmi_correct_ace","se_alpha_cmi_correct_ace","sigma2_cmi_correct_ace","se_sigma2_cmi_correct_ace"
1,NA,1.00814275191022,0.0227401697134955,1.00002493837216,0.0224825356920756,0.97642949893165,0.0334052920435329
2,NA,0.997256039041914,0.0226194570749994,0.989875317401721,0.0220597748884672,0.989770339195708,0.0341835253309273
3,NA,1.01277115595719,0.0244393617613538,0.963201823186405,0.0232815023943942,1.02590250351139,0.0351299869380385
4,NA,0.989819542072181,0.024055094624083,1.02971521257623,0.0227070910190443,0.987419786582807,0.0336566402640702
5,NA,0.979304586273075,0.0250837092226674,0.953157356498741,0.0225081094405475,1.03562216172315,0.0359525682470655
