"sim","censored","beta1_cmi_correct_ace","se_beta1_cmi_correct_ace","alpha_cmi_correct_ace","se_alpha_cmi_correct_ace","sigma2_cmi_correct_ace","se_sigma2_cmi_correct_ace"
1,NA,1.04034214864184,0.027388451952769,1.0079822040563,0.0284418615505849,0.99453270539673,0.0398047030785117
2,NA,0.999321888370549,0.0256403680516915,0.99010561174838,0.0277231456283087,0.945612660594217,0.0379541887814572
3,NA,1.00421739814649,0.027812596955956,0.969532565750445,0.0283487997179784,1.02212770114358,0.0404337667092745
4,NA,0.982389129989331,0.0279514207378247,1.04030943491084,0.0284464874250819,0.971596792304304,0.0382538559087856
5,NA,0.999751827134565,0.0311347094009051,0.926471792583133,0.0294570413702828,1.05475751811566,0.0418264561700303
