"sim","censored","beta1_cmi_mi_reml","se_beta1_cmi_mi_reml","alpha_cmi_mi_reml","se_alpha_cmi_mi_reml","sigma2_cmi_mi_reml","se_sigma2_cmi_mi_reml"
1,NA,0.980258971819335,0.0392679345388536,1.18392896006937,0.0390931843238938,3.18330365816994,NA
2,NA,0.940416831313861,0.0451911194582658,1.21523880975057,0.0443141089215308,4.07343036637809,NA
3,NA,1.05429904791872,0.0396006954754802,1.20036555695747,0.0373995823088683,2.98362248114738,NA
4,NA,0.952863189138173,0.0462695989788994,1.23689017532709,0.0457146658597314,4.24467258219774,NA
5,NA,1.02262242792436,0.050951658232336,1.13050812248105,0.0500766327165898,5.21617002721885,NA
