"sim","censored","beta1_cmi_mi_reml","se_beta1_cmi_mi_reml","alpha_cmi_mi_reml","se_alpha_cmi_mi_reml","sigma2_cmi_mi_reml","se_sigma2_cmi_mi_reml"
1,NA,0.93646014056203,0.0462988675126906,0.0290152051674799,0.00414288507032766,4.43662081765282,NA
2,NA,0.952929031906833,0.0466101909279938,0.405347371540797,0.0174679365273521,4.33779526171871,NA
3,NA,1.06317624933028,0.0434918059648328,0.266728937820183,0.0149271503838478,3.60413688659959,NA
4,NA,0.977893608764934,0.0469708639561331,0.47515041636702,0.0200313930594821,4.37851121918571,NA
5,NA,1.00265821855596,0.0538895894997975,0.173192047393562,0.0154597658920051,5.84020090810235,NA
