"sim","censored","beta1_fd_reml","se_beta1_fd_reml","alpha_fd_reml","se_alpha_fd_reml","sigma2_fd_reml","se_sigma2_fd_reml"
1,NA,1.00068732087633,0.02179623797453,1.0034063385355,0.00916599625042546,0.983901770242685,NA
2,NA,1.0175163048736,0.0222517545425607,0.993830600744635,0.00875303494042163,0.98931856646292,NA
3,NA,1.01873122009093,0.023068549744733,0.995857997647323,0.0103279401857259,1.01297115776391,NA
4,NA,0.987856900734273,0.0224495270934761,1.00460834617928,0.00941233283966929,0.996662400920713,NA
5,NA,0.995640277849887,0.0225311672322019,0.994956931773185,0.0086578120180257,1.01815353912629,NA
