"sim","censored","beta1_ee","se_beta1_ee","alpha_ee","se_alpha_ee","sigma2_ee","beta1_lme","se_beta1_lme","alpha_lme","se_alpha_lme","sigma2_lme"
1,0.456,0.233056886147688,0.0234087884902829,0.988913957552667,0.0226434880791104,1.1654279436135,0.233369124793246,0.0220764169819314,1.13150934916342,0.0215769216144985,1.06610738728944
2,0.462,0.233056886147688,0.0234087884902829,0.988913957552667,0.0226434880791104,1.1654279436135,0.233369124793246,0.0220764169819314,1.13150934916342,0.0215769216144985,1.06610738728944
3,0.465,0.233056886147688,0.0234087884902829,0.988913957552667,0.0226434880791104,1.1654279436135,0.233369124793246,0.0220764169819314,1.13150934916342,0.0215769216144985,1.06610738728944
4,0.456,0.233056886147688,0.0234087884902829,0.988913957552667,0.0226434880791104,1.1654279436135,0.233369124793246,0.0220764169819314,1.13150934916342,0.0215769216144985,1.06610738728944
5,0.456,0.233056886147688,0.0234087884902829,0.988913957552667,0.0226434880791104,1.1654279436135,0.233369124793246,0.0220764169819314,1.13150934916342,0.0215769216144985,1.06610738728944
